Description,Max Score,Total Score,Query Cover,E value,Per. ident,Acc. Len,Accession  
Pyrenophora tritici-repentis isolate V0001 V1_contig_00012,594,1125,100%,0.0,88.02,1424541,"=HYPERLINK(""https://www.ncbi.nlm.nih.gov/nuccore/SAXQ01000012"",""SAXQ01000012.1"")"
Pyrenophora tritici-repentis strain T199 scaffold_00016,594,1125,100%,0.0,88.02,178788,"=HYPERLINK(""https://www.ncbi.nlm.nih.gov/nuccore/RXHM01000016"",""RXHM01000016.1"")"
Pyrenophora tritici-repentis strain Alg215 Alg215_scaffold_00022,594,1125,100%,0.0,88.02,151401,"=HYPERLINK(""https://www.ncbi.nlm.nih.gov/nuccore/RXHK01000022"",""RXHK01000022.1"")"
Pyrenophora tritici-repentis strain CC142 CC142_scaffold_00736,594,1125,100%,0.0,88.02,11016,"=HYPERLINK(""https://www.ncbi.nlm.nih.gov/nuccore/PSOU01000736"",""PSOU01000736.1"")"
Pyrenophora tritici-repentis strain EW306-2-1 EW13061_scaffold_00060,594,1125,100%,0.0,88.02,92806,"=HYPERLINK(""https://www.ncbi.nlm.nih.gov/nuccore/PSOT01000060"",""PSOT01000060.1"")"
Pyrenophora tritici-repentis strain EW4-4 EW4_scaffold_00310,594,1125,100%,0.0,88.02,34238,"=HYPERLINK(""https://www.ncbi.nlm.nih.gov/nuccore/PSOS01000310"",""PSOS01000310.1"")"
Pyrenophora tritici-repentis strain SN001C SN001C_scaffold_00309,594,1125,100%,0.0,88.02,33830,"=HYPERLINK(""https://www.ncbi.nlm.nih.gov/nuccore/PSOP01000309"",""PSOP01000309.1"")"
Pyrenophora tritici-repentis strain SN002B SN002B_scaffold_00305,594,1125,100%,0.0,88.02,33874,"=HYPERLINK(""https://www.ncbi.nlm.nih.gov/nuccore/PSOO01000305"",""PSOO01000305.1"")"
Pyrenophora tritici-repentis strain 86-124 chromosome 6 PTR86124_contig_00017,594,1125,100%,0.0,88.02,874950,"=HYPERLINK(""https://www.ncbi.nlm.nih.gov/nuccore/NRDI02000017"",""NRDI02000017.1"")"
Pyrenophora tritici-repentis strain M4 chromosome 6,594,1125,100%,0.0,88.02,3057012,"=HYPERLINK(""https://www.ncbi.nlm.nih.gov/nuccore/NQIK02000006"",""NQIK02000006.1"")"
Pyrenophora tritici-repentis strain 5213 5213_00015,594,1125,100%,0.0,88.02,161347,"=HYPERLINK(""https://www.ncbi.nlm.nih.gov/nuccore/MVBI01000015"",""MVBI01000015.1"")"
Pyrenophora tritici-repentis strain 239 239_00028,594,1125,100%,0.0,88.02,153331,"=HYPERLINK(""https://www.ncbi.nlm.nih.gov/nuccore/MVBH01000028"",""MVBH01000028.1"")"
Pyrenophora tritici-repentis strain 11137 11137_00011,594,1125,100%,0.0,88.02,255779,"=HYPERLINK(""https://www.ncbi.nlm.nih.gov/nuccore/MVBG01000011"",""MVBG01000011.1"")"
Pyrenophora tritici-repentis strain 134 chromosome 6 ptr134_contig_00005,594,1125,100%,0.0,88.02,2687279,"=HYPERLINK(""https://www.ncbi.nlm.nih.gov/nuccore/MVBF02000005"",""MVBF02000005.1"")"
Pyrenophora tritici-repentis strain ASC1 contig00077,594,1125,100%,0.0,88.02,95365,"=HYPERLINK(""https://www.ncbi.nlm.nih.gov/nucleotide/JAMBYY010000077.1?report=genbank&log$=nucltop&blast_rank=15&RID=YYXWE4EY014"",""JAMBYY010000077.1"")"
Pyrenophora tritici-repentis strain I-33-1 contig00556,594,1125,100%,0.0,88.02,11365,"=HYPERLINK(""https://www.ncbi.nlm.nih.gov/nucleotide/JAMBYX010000556.1?report=genbank&log$=nucltop&blast_rank=16&RID=YYXWE4EY014"",""JAMBYX010000556.1"")"
Pyrenophora tritici-repentis strain L3-1 contig00090,594,1125,100%,0.0,88.02,95368,"=HYPERLINK(""https://www.ncbi.nlm.nih.gov/nucleotide/JAMBYW010000090.1?report=genbank&log$=nucltop&blast_rank=17&RID=YYXWE4EY014"",""JAMBYW010000090.1"")"
Pyrenophora tritici-repentis strain L4-1 contig00080,594,1125,100%,0.0,88.02,95350,"=HYPERLINK(""https://www.ncbi.nlm.nih.gov/nucleotide/JAMBYV010000080.1?report=genbank&log$=nucltop&blast_rank=18&RID=YYXWE4EY014"",""JAMBYV010000080.1"")"
Pyrenophora tritici-repentis strain SW20-7 contig00087,594,1125,100%,0.0,88.02,95345,"=HYPERLINK(""https://www.ncbi.nlm.nih.gov/nucleotide/JAMBYU010000087.1?report=genbank&log$=nucltop&blast_rank=19&RID=YYXWE4EY014"",""JAMBYU010000087.1"")"
Pyrenophora tritici-repentis strain SW2-1 contig00017,594,1125,100%,0.0,88.02,196037,"=HYPERLINK(""https://www.ncbi.nlm.nih.gov/nucleotide/JAMBYT010000017.1?report=genbank&log$=nucltop&blast_rank=20&RID=YYXWE4EY014"",""JAMBYT010000017.1"")"
Pyrenophora tritici-repentis strain SW21-1 contig00084,594,1125,100%,0.0,88.02,95344,"=HYPERLINK(""https://www.ncbi.nlm.nih.gov/nucleotide/JAMBYS010000084.1?report=genbank&log$=nucltop&blast_rank=21&RID=YYXWE4EY014"",""JAMBYS010000084.1"")"
Pyrenophora tritici-repentis strain SW21-7 contig00008,594,1125,100%,0.0,88.02,261152,"=HYPERLINK(""https://www.ncbi.nlm.nih.gov/nucleotide/JAMBYR010000008.1?report=genbank&log$=nucltop&blast_rank=22&RID=YYXWE4EY014"",""JAMBYR010000008.1"")"
Pyrenophora tritici-repentis strain SW21-8 contig00008,594,1125,100%,0.0,88.02,261182,"=HYPERLINK(""https://www.ncbi.nlm.nih.gov/nucleotide/JAMBYQ010000008.1?report=genbank&log$=nucltop&blast_rank=23&RID=YYXWE4EY014"",""JAMBYQ010000008.1"")"
Pyrenophora tritici-repentis strain SW7-5 contig00021,594,1125,100%,0.0,88.02,175414,"=HYPERLINK(""https://www.ncbi.nlm.nih.gov/nucleotide/JAMBYP010000021.1?report=genbank&log$=nucltop&blast_rank=24&RID=YYXWE4EY014"",""JAMBYP010000021.1"")"
Pyrenophora tritici-repentis strain 86-124 contig00036,594,1125,100%,0.0,88.02,121615,"=HYPERLINK(""https://www.ncbi.nlm.nih.gov/nucleotide/JAMBYO010000036.1?report=genbank&log$=nucltop&blast_rank=25&RID=YYXWE4EY014"",""JAMBYO010000036.1"")"
Pyrenophora tritici-repentis strain AB88-2 contig00199,594,1125,100%,0.0,88.02,54153,"=HYPERLINK(""https://www.ncbi.nlm.nih.gov/nucleotide/JAMBYN010000199.1?report=genbank&log$=nucltop&blast_rank=26&RID=YYXWE4EY014"",""JAMBYN010000199.1"")"
Pyrenophora tritici-repentis strain L2-1 contig00037,594,1125,100%,0.0,88.02,146021,"=HYPERLINK(""https://www.ncbi.nlm.nih.gov/nucleotide/JAMBYM010000037.1?report=genbank&log$=nucltop&blast_rank=27&RID=YYXWE4EY014"",""JAMBYM010000037.1"")"
Pyrenophora tritici-repentis strain SW1-2 contig00060,594,1125,100%,0.0,88.02,114354,"=HYPERLINK(""https://www.ncbi.nlm.nih.gov/nucleotide/JAMBYL010000060.1?report=genbank&log$=nucltop&blast_rank=28&RID=YYXWE4EY014"",""JAMBYL010000060.1"")"
Pyrenophora tritici-repentis strain SW15-1 contig00092,594,1125,100%,0.0,88.02,95341,"=HYPERLINK(""https://www.ncbi.nlm.nih.gov/nucleotide/JAMBYK010000092.1?report=genbank&log$=nucltop&blast_rank=29&RID=YYXWE4EY014"",""JAMBYK010000092.1"")"
Pyrenophora tritici-repentis strain T132-2 contig00068,594,1125,100%,0.0,88.02,95523,"=HYPERLINK(""https://www.ncbi.nlm.nih.gov/nucleotide/JAMBYJ010000068.1?report=genbank&log$=nucltop&blast_rank=30&RID=YYXWE4EY014"",""JAMBYJ010000068.1"")"
Pyrenophora tritici-repentis strain AZ35-5 contig00075,594,1125,100%,0.0,88.02,101949,"=HYPERLINK(""https://www.ncbi.nlm.nih.gov/nucleotide/JAMBXS010000075.1?report=genbank&log$=nucltop&blast_rank=31&RID=YYXWE4EY014"",""JAMBXS010000075.1"")"
Pyrenophora tritici-repentis strain T176-2 contig00022,594,1125,100%,0.0,88.02,143989,"=HYPERLINK(""https://www.ncbi.nlm.nih.gov/nucleotide/JAMBXR010000022.1?report=genbank&log$=nucltop&blast_rank=32&RID=YYXWE4EY014"",""JAMBXR010000022.1"")"
Pyrenophora tritici-repentis strain I-34-1 contig00081,594,1125,100%,0.0,88.02,90817,"=HYPERLINK(""https://www.ncbi.nlm.nih.gov/nucleotide/JAMBXP010000081.1?report=genbank&log$=nucltop&blast_rank=33&RID=YYXWE4EY014"",""JAMBXP010000081.1"")"
Pyrenophora tritici-repentis strain I-35-18 contig00013,594,1125,100%,0.0,88.02,198753,"=HYPERLINK(""https://www.ncbi.nlm.nih.gov/nucleotide/JAMBXO010000013.1?report=genbank&log$=nucltop&blast_rank=34&RID=YYXWE4EY014"",""JAMBXO010000013.1"")"
Pyrenophora tritici-repentis isolate I-73-1 chromosome 9,594,1125,100%,0.0,88.02,4003078,"=HYPERLINK(""https://www.ncbi.nlm.nih.gov/nucleotide/JAKRER010000022.1?report=genbank&log$=nucltop&blast_rank=35&RID=YYXWE4EY014"",""JAKRER010000022.1"")"
Pyrenophora tritici-repentis isolate Biotrigo9-1 chromosome 6,594,1125,100%,0.0,88.02,2884932,"=HYPERLINK(""https://www.ncbi.nlm.nih.gov/nucleotide/JAHCYZ010000007.1?report=genbank&log$=nucltop&blast_rank=36&RID=YYXWE4EY014"",""JAHCYZ010000007.1"")"
Pyrenophora tritici-repentis Pt-1C-BFP cont1.234,594,1125,100%,0.0,88.02,228326,"=HYPERLINK(""https://www.ncbi.nlm.nih.gov/nuccore/AAXI01000234"",""AAXI01000234.1"")"
Pyrenophora tritici-repentis strain Alg130 Alg130_scaffold_02477,42.7,42.7,14%,0.015,32.56,654,"=HYPERLINK(""https://www.ncbi.nlm.nih.gov/nuccore/RXHN01002419"",""RXHN01002419.1"")"
Pyrenophora tritici-repentis strain Alg4x-1 contig00581,42.7,42.7,14%,0.045,32.56,10931,"=HYPERLINK(""https://www.ncbi.nlm.nih.gov/nucleotide/JAMBXY010000581.1?report=genbank&log$=nucltop&blast_rank=39&RID=YYXWE4EY014"",""JAMBXY010000581.1"")"
Pyrenophora tritici-repentis isolate Biotrigo9-1 KJE20_contig_00032,67.4,67.4,33%,1e-09,28.33,43865,"=HYPERLINK(""https://www.ncbi.nlm.nih.gov/nucleotide/JAHCYZ010000032.1?report=genbank&log$=nucltop&blast_rank=40&RID=YYXWE4EY014"",""JAHCYZ010000032.1"")"
Pyrenophora tritici-repentis isolate Biotrigo9-1 KJE20_contig_00024,49.7,49.7,18%,4e-04,27.43,53107,"=HYPERLINK(""https://www.ncbi.nlm.nih.gov/nucleotide/JAHCYZ010000024.1?report=genbank&log$=nucltop&blast_rank=41&RID=YYXWE4EY014"",""JAHCYZ010000024.1"")"
Pyrenophora seminiperda CCB06 contig00420,49.7,49.7,18%,4e-04,26.55,25225,"=HYPERLINK(""https://www.ncbi.nlm.nih.gov/nuccore/ATLS01000288"",""ATLS01000288.1"")"
Pyrenophora tritici-repentis isolate Biotrigo9-1 KJE20_contig_00027,48.5,48.5,18%,8e-04,26.55,49490,"=HYPERLINK(""https://www.ncbi.nlm.nih.gov/nucleotide/JAHCYZ010000027.1?report=genbank&log$=nucltop&blast_rank=43&RID=YYXWE4EY014"",""JAHCYZ010000027.1"")"
Pyrenophora tritici-repentis strain Ptr90-2 chromosome 11 Ptr902_contig_00010,56.6,56.6,25%,3e-06,25.00,964616,"=HYPERLINK(""https://www.ncbi.nlm.nih.gov/nucleotide/JAAFOX010000010.1?report=genbank&log$=nucltop&blast_rank=44&RID=YYXWE4EY014"",""JAAFOX010000010.1"")"
Pyrenophora tritici-repentis strain 90-2 contig00428,56.2,56.2,25%,3e-06,25.00,3206,"=HYPERLINK(""https://www.ncbi.nlm.nih.gov/nucleotide/JAMBYD010000428.1?report=genbank&log$=nucltop&blast_rank=45&RID=YYXWE4EY014"",""JAMBYD010000428.1"")"
Pyrenophora tritici-repentis strain 90-2 contig00209,88.2,88.2,69%,5e-16,23.35,21854,"=HYPERLINK(""https://www.ncbi.nlm.nih.gov/nucleotide/JAMBYD010000209.1?report=genbank&log$=nucltop&blast_rank=46&RID=YYXWE4EY014"",""JAMBYD010000209.1"")"
Pyrenophora tritici-repentis strain 92-171R5 contig00967,87.8,87.8,69%,5e-16,23.35,5744,"=HYPERLINK(""https://www.ncbi.nlm.nih.gov/nucleotide/JAMBYA010000967.1?report=genbank&log$=nucltop&blast_rank=47&RID=YYXWE4EY014"",""JAMBYA010000967.1"")"
Pyrenophora tritici-repentis strain Ptr90-2 chromosome 1 Ptr902_contig_00008,88.2,88.2,69%,6e-16,23.35,1313561,"=HYPERLINK(""https://www.ncbi.nlm.nih.gov/nucleotide/JAAFOX010000008.1?report=genbank&log$=nucltop&blast_rank=48&RID=YYXWE4EY014"",""JAAFOX010000008.1"")"
Pyrenophora tritici-repentis strain 92-171R5 contig00702,89.0,89.0,69%,3e-16,23.00,11128,"=HYPERLINK(""https://www.ncbi.nlm.nih.gov/nucleotide/JAMBYA010000702.1?report=genbank&log$=nucltop&blast_rank=49&RID=YYXWE4EY014"",""JAMBYA010000702.1"")"



		


